Current,Future,Historic,Total,Orders,Unit Cost,Total Cost (Current),Average Age,FlightNum,Aircraft ID
1,,3,4,,$90,$90,11.6,A001,T001
,,8,8,,$90,$0,,A002,T001
38,,3,41,,$98,"$3,724",7.5,A001,T001
,,9,9,,$98,$0,,A002,T001
8,,,8,,$115,$919,10.3,A001,T001
2,,,2,,$22,$44,2.4,A002,T001
,,6,6,,$22,$0,,A001,T001
,,17,17,,$74,$0,,A001,T001
,,6,6,,$14,$0,,A001,T001
12,,7,19,,$31,$376,12.6,A002,T001
,,14,14,,$75,$0,,A003,T008
26,,5,31,,$90,"$2,330",12.7,A004,T001
,,15,15,,$90,$0,,A003,T008
10,,,10,,$90,$896,11,A005,T001
71,1,3,75,11,$98,"$6,958",5.7,A003,T008
5,,8,13,,$98,$490,15.2,A004,T001
31,,8,39,9,$115,"$3,562",3.6,A003,T008
22,,,22,,$240,"$5,280",5.9,A003,T008
,,,,22,$312,$0,,A003,T008
,,3,3,,$75,$0,,A003,T008
,,2,2,,$75,$0,,A004,T001
,,6,6,,$28,$0,,A004,T001
20,1,16,37,26,$74,"$1,480",1.6,A003,T008
12,,,12,,$74,$888,2.1,A006,T005
17,1,5,23,,$74,"$1,258",9.6,A004,T001
,,5,5,,$74,$0,,A005,T001
7,2,,9,2,$316,"$2,211",16.7,A004,T001
,,13,13,,$187,$0,,A003,T008
,,3,3,,$187,$0,,A004,T001
15,,2,17,1,$295,"$4,418",2.5,A003,T008
6,5,1,12,5,$295,"$1,767",17.7,A004,T001
,,,,22,$265,$0,,A003,T008
8,2,1,12,,$31,$250,14.8,A005,T001
,,1,1,,$45,$0,,A004,T001
,,10,10,,$45,$0,,A003,T008
,,5,5,,$45,$0,,A004,T001
,,,,50,$82,$0,,A003,T008
,,3,3,,$145,$0,,A003,T008
,,3,3,,$175,$0,,A003,T008
,,,,20,$28,$0,,A004,T001
30,,10,40,20,$28,$825,2.2,A003,T008
,,1,1,,$16,$0,,A003,T008
,,1,1,,$16,$0,,A004,T001
,,3,3,,$16,$0,,A003,T008
,,2,2,,$16,$0,,A004,T001
,,3,3,,$16,$0,,A004,T001
2,,,,,$7,$13,,A005,T001
,,1,1,,,$0,,A003,T008
,,5,5,,$75,$0,,A007,T008
,,2,2,,$98,$0,,A007,T008
9,1,,10,,$240,"$2,160",9.3,A007,T008
5,,8,13,,$216,"$1,078",19.3,A007,T008
40,1,77,118,,$74,"$2,959",6.6,A007,T008
,,8,8,,$74,$0,,A008,T005
,,17,17,,$316,$0,,A007,T008
,,1,1,,$73,$0,,A007,T008
26,1,,27,,$46,"$1,201",5.4,A008,T005
,,14,14,,$45,$0,,A008,T005
,,7,7,,$45,$0,,A007,T008
,,28,28,,$45,$0,,A008,T005
,,2,2,,$75,$0,,A009,T034
,,6,6,,$75,$0,,A009,T034
,,4,4,,$98,$0,,A009,T034
8,,4,12,,$240,"$1,920",8.1,A009,T034
,,3,3,,$216,$0,,A009,T034
15,,,15,,$22,$332,10.4,A009,T034
31,1,38,70,2,$74,"$2,293",8.6,A009,T034
,,14,14,,$316,$0,,A009,T034
2,,7,9,,$187,$374,26.3,A009,T034
,,2,2,,$295,$0,,A009,T034
,,,,8,$265,$0,,A009,T034
,,2,2,,$145,$0,,A009,T034
,,24,24,,$6,$0,,A009,T034
38,,28,66,,$98,"$3,724",2.9,A010,T002
1,,2,3,,$98,$98,9.6,A011,T002
2,,1,3,,$98,$196,10,A012,T002
5,,5,10,,$98,$490,4.4,A013,T002
1,,,1,,$90,$90,8.4,A014,T001
9,,6,15,2,$98,$882,3.6,A014,T001
4,,,4,8,$115,$460,10.6,A014,T001
,,4,4,,$74,$0,,A014,T001
5,,,5,,$73,$363,19.5,A014,T001
3,,2,5,,$187,$561,3,A014,T001
,,,,3,$265,$0,,A014,T001
9,,,9,,$46,$416,4.5,A014,T001
,,6,6,,$18,$0,,A014,T001
6,,15,21,,$90,$538,8.5,A015,T001
54,7,50,111,,$98,"$5,292",7.6,A015,T001
21,,2,23,2,$115,"$2,413",6,A015,T001
15,2,3,20,2,$240,"$3,600",13.1,A015,T001
,,1,1,,$22,$0,,A015,T001
14,,141,155,,$74,"$1,036",9.5,A015,T001
,,4,4,,$73,$0,,A015,T001
,,4,4,,$14,$0,,A015,T001
20,,,20,1,$31,$626,7.4,A015,T001
,,3,3,,$46,$0,,A015,T001
,,18,18,,$20,$0,,A015,T001
,,1,1,,$45,$0,,A015,T001
15,,33,48,,$90,"$1,344",18.9,A016,T001
3,,2,5,,$90,$269,18.7,A017,T001
20,,,20,,$90,"$1,792",18.6,A018,T001
42,,13,55,,$98,"$4,116",23.3,A016,T001
,,5,5,,,$0,,A017,T001
15,,3,18,,$115,"$1,724",13.7,A016,T001
5,,,5,,$115,$575,1,A018,T001
8,,,8,,$240,"$1,920",16.3,A016,T001
,,15,15,,$216,$0,,A016,T001
,,28,28,,$4,$0,,A016,T001
,,44,44,61,$74,$0,,A016,T001
,,2,2,,$74,$0,,A017,T001
,,15,15,,$316,$0,,A016,T001
15,,48,63,,$187,"$2,804",25.8,A016,T001
19,,,19,6,$187,"$3,551",18.6,A018,T001
25,,,25,,$295,"$7,364",7.1,A016,T001
21,3,,24,16,$265,"$5,567",1.4,A016,T001
,,,,45,$72,$0,,A016,T001
,,26,26,,$32,$0,,A016,T001
1,,,1,,$32,$32,18.2,A019,T041
,,15,15,,$39,$0,,A016,T001
25,,20,45,,$46,"$1,155",9.5,A016,T001
,,43,43,,$6,$0,,A016,T001
,,64,64,,$45,$0,,A016,T001
,,8,8,,$75,$0,,A020,T034
33,,3,36,,$90,"$2,957",10.5,A021,T001
5,,,5,,$90,$448,10.5,A022,T001
4,,1,5,,$90,$358,14.1,A020,T034
43,2,5,50,49,$98,"$4,214",4.6,A021,T001
79,1,1,81,,$98,"$7,742",5.3,A022,T001
3,,4,7,,$98,$294,3.9,A020,T034
55,3,,58,,$115,"$6,320",5.3,A021,T001
10,,5,15,,$115,"$1,149",6.1,A020,T034
54,1,,55,12,$240,"$12,960",5.8,A021,T001
,,,,6,$240,$0,,A022,T001
,,6,6,,$216,$0,,A021,T001
,1,,1,10,$312,$0,,A021,T001
144,1,75,220,70,$74,"$10,653",6.6,A021,T001
87,,22,109,,$74,"$6,436",6.5,A022,T001
98,1,16,115,36,$74,"$7,250",4.7,A023,T005
3,,,3,,$74,$222,9.1,A024,T005
18,,2,20,10,$74,"$1,332",4.7,A025,T005
9,,,9,,$74,$666,4.5,A026,T005
10,,18,28,,$316,"$3,158",7.5,A021,T001
3,,12,15,,$316,$947,14.5,A027,T013
,,13,13,,$73,$0,,A021,T001
,,1,1,,$73,$0,,A020,T034
4,,,4,,$73,$290,20.4,A027,T013
,,15,15,,$187,$0,,A021,T001
29,,4,33,5,$295,"$8,542",6.2,A021,T001
8,,,8,,$295,"$2,356",2.3,A027,T013
7,1,,8,9,$265,"$1,856",0.4,A021,T001
,,4,4,,$14,$0,,A021,T001
,,12,12,,$32,$0,,A023,T005
2,,,2,,$41,$82,13.3,A023,T005
,,,,10,$30,$0,,A023,T005
,,,,20,$68,$0,,A021,T001
,,1,1,,$8,$0,,A023,T005
,,1,1,4,$16,$0,,A027,T013
15,,2,17,,$240,"$3,600",10.4,A028,T009
,,1,1,,$216,$0,,A028,T009
4,,6,10,,$22,$88,21.9,A028,T009
21,,67,88,25,$74,"$1,554",8,A028,T009
,,16,16,,$73,$0,,A028,T009
,,7,7,,$187,$0,,A028,T009
3,4,1,8,21,$265,$795,0.5,A028,T009
1,,,1,,$20,$20,16.9,A028,T009
7,,4,11,,$46,$323,6.2,A028,T009
,,1,1,,$45,$0,,A028,T009
,,7,7,,$29,$0,,A029,T049
,,25,25,,$75,$0,,A029,T049
,,1,1,,$75,$0,,A030,T034
,,11,11,,$75,$0,,A029,T049
,,11,11,,$75,$0,,A031,T008
,,1,1,,$75,$0,,A030,T034
,,2,2,,$75,$0,,A032,T008
18,,,18,,$66,"$1,193",11.6,A029,T049
38,,11,49,,$90,"$3,405",16.2,A029,T049
43,,63,106,2,$98,"$4,214",9.2,A029,T049
,,4,4,,$98,$0,,A033,T002
,,7,7,,$98,$0,,A032,T008
20,,10,30,,$115,"$2,298",14.1,A029,T049
15,,1,16,,$240,"$3,600",14.1,A029,T049
13,,4,17,,$240,"$3,120",7.7,A031,T008
11,,19,30,,$216,"$2,371",18.3,A029,T049
,,,,7,$312,$0,,A031,T008
,,,,28,$308,$0,,A029,T049
10,,,10,,$433,"$4,326",5.9,A029,T049
21,,8,29,,$22,$464,14.9,A034,T004
,,5,5,,$4,$0,,A029,T049
,,63,63,,$74,$0,,A029,T049
48,,44,92,,$74,"$3,551",10.3,A031,T008
26,,,26,,$74,"$1,923",5.5,A033,T002
37,2,74,113,,$74,"$2,737",9,A030,T034
,,3,3,,$74,$0,,A032,T008
,,73,73,,$316,$0,,A029,T049
20,,26,46,,$316,"$6,316",21.7,A031,T008
1,,8,9,,$316,$316,26.6,A032,T008
,,10,10,,$73,$0,,A030,T034
,,2,2,,$73,$0,,A032,T008
,,9,9,,$187,$0,,A029,T049
,,12,12,,$187,$0,,A031,T008
,,8,8,,$187,$0,,A032,T008
70,,1,71,,$295,"$20,619",11.2,A029,T049
27,2,,29,,$295,"$7,953",8.7,A031,T008
1,,,1,13,$265,$265,0.1,A029,T049
8,3,,11,13,$265,"$2,121",0.7,A031,T008
,,3,3,,$14,$0,,A029,T049
,,1,1,,$14,$0,,A030,T034
,,8,8,,$32,$0,,A034,T004
14,,,14,,$49,$686,5.4,A034,T004
12,,3,15,,$41,$492,12.8,A034,T004
16,,6,22,,$20,$314,16.6,A034,T004
15,,1,16,,$39,$581,9.4,A034,T004
4,,,4,13,$39,$155,0.5,A035,T042
10,,,10,,$46,$462,8.8,A034,T004
30,,,30,,$46,"$1,386",5.5,A035,T042
,,23,23,,$18,$0,,A035,T042
,,5,5,,$20,$0,,A029,T049
,,6,6,,$20,$0,,A031,T008
13,,35,48,,$20,$260,20.8,A035,T042
,,5,5,,$145,$0,,A029,T049
,,12,12,,$145,$0,,A031,T008
,,5,5,,$145,$0,,A032,T008
,,1,1,,$6,$0,,A029,T049
,,37,37,,$6,$0,,A031,T008
,,6,6,,$6,$0,,A032,T008
,,25,25,,$45,$0,,A031,T008
,,4,4,,$45,$0,,A032,T008
,,10,10,,$175,$0,,A031,T008
,,7,7,,$175,$0,,A032,T008
,,3,3,,$45,$0,,A032,T008
,,1,1,,$8,$0,,A035,T042
,,5,5,,$75,$0,,A036,T034
,,28,28,,$75,$0,,A036,T034
22,,2,24,,$90,"$1,971",8.5,A036,T034
26,4,12,42,14,$98,"$2,548",17.7,A036,T034
20,,,20,,$115,"$2,298",8.1,A036,T034
,,2,2,,$240,$0,,A036,T034
12,,3,15,18,$22,$265,8.4,A037,T004
23,,8,31,,$74,"$1,702",6.7,A038,T005
,,5,5,,$74,$0,,A036,T034
,,1,1,,$74,$0,,A037,T004
3,,28,31,,$316,$947,21,A036,T034
,,1,1,,$73,$0,,A036,T034
,,3,3,,$187,$0,,A036,T034
15,3,9,27,3,$295,"$4,418",7.7,A036,T034
22,5,,27,5,$265,"$5,832",3.1,A036,T034
3,,1,4,,$41,$123,13.7,A037,T004
,,1,1,,$190,$0,,A036,T034
,,15,15,,$6,$0,,A036,T034
3,,,3,,,,,A039,T001
6,,,6,,,,,A039,T001
3,,6,9,,,,9.1,A040,T004
2,,,2,,,,14.6,A040,T004
2,,,2,,,,8.3,A040,T004
6,,3,9,,,,16.7,A040,T004
,1,,1,,,,,A040,T004
,,5,5,,,,,A040,T004
,,3,3,,,,,A040,T004
4,,1,5,,,,6.5,A041,T001
2,,,2,,,,3.4,A041,T001
,,2,2,,,,,A041,T001
,,12,12,,,,,A041,T001
,,6,6,,,,,A041,T001
,,1,1,,,,,A041,T001
,,1,1,,,,,A041,T001
4,,,4,,,,16.6,A041,T001
,,2,2,,,,,A041,T001
30,,,30,,$98,"$2,940",7,A042,T002
,,,,17,$115,$0,,A042,T002
26,,8,34,,$22,$575,7.8,A043,T004
,,51,51,,$74,$0,,A042,T002
,,15,15,,$316,$0,,A042,T002
2,,21,23,,$187,$374,22.8,A042,T002
15,,,15,,$295,"$4,418",7.9,A042,T002
9,1,,10,3,$265,"$2,386",1.7,A042,T002
23,,,23,,$31,$720,10.2,A043,T004
,,8,8,,$14,$0,,A043,T004
,,8,8,,$145,$0,,A042,T002
,,8,8,,$6,$0,,A042,T002
9,,5,14,,$75,$675,26.4,A044,T008
,,2,2,,$98,$0,,A044,T008
14,,,14,,$240,"$3,360",15.8,A044,T008
,,1,1,,$4,$0,,A044,T008
18,,7,25,,$74,"$1,332",10.9,A044,T008
,,9,9,,$73,$0,,A044,T008
8,,,8,,$73,$580,27.2,A045,T030
9,,5,14,,$187,"$1,682",30.4,A045,T030
,,42,42,,$6,$0,,A045,T030
28,,27,55,,$187,"$5,233",30.5,A046,T014
,,16,16,,$6,$0,,A046,T014
,,74,74,,$45,$0,,A046,T014
,,26,26,,$14,$0,,A047,T006
,,10,10,,$14,$0,,A047,T006
66,,5,71,,$32,"$2,102",14.4,A047,T006
,,12,12,,$7,$0,,A047,T006
,,23,23,,$8,$0,,A047,T006
77,,30,107,301,$98,"$7,546",6.2,A048,T002
8,,,8,12,$98,$784,6.6,A049,T002
2,,5,7,,$98,$196,1.1,A050,T002
50,2,,52,,$98,"$4,900",5,A051,T002
17,,17,34,,$98,"$1,666",6,A052,T002
5,,,5,30,$98,$490,7.6,A053,T002
15,,,,20,$98,"$1,470",,A054,T002
,,,,100,$115,$0,,A048,T002
22,,8,30,66,$240,"$5,280",4,A055,T009
6,,,6,,$240,"$1,440",7.8,A056,T009
2,,,2,,$240,$480,11.4,A053,T002
,,2,2,,$216,$0,,A055,T009
,,,,10,$312,$0,,A055,T009
,,32,32,,$74,$0,,A048,T002
,,14,14,,$74,$0,,A051,T002
,,12,12,,$74,$0,,A052,T002
,,3,3,,$316,$0,,A048,T002
,,1,1,,$175,$0,,A048,T002
157,2,39,198,57,$74,"$11,615",9,A057,T005
1,,7,8,,$41,$41,15.2,A057,T005
,,21,21,,$41,$0,,A058,T044
52,,56,108,2,$31,"$1,628",10.2,A058,T044
,,12,12,,$8,$0,,A058,T044
,,,,30,$39,$0,,A058,T044
15,,,15,,$39,$581,0.8,A057,T005
,,48,48,,$45,,,A057,T005
,,14,14,,$75,$0,,A059,T034
22,,,22,,$90,"$1,971",9.7,A059,T034
44,,10,54,6,$98,"$4,312",9.9,A059,T034
12,,11,23,,$115,"$1,379",19.4,A059,T034
14,,,14,1,$240,"$3,360",7.6,A059,T034
,,14,14,,$22,$0,,A059,T034
,,2,2,,$74,$0,,A059,T034
,,21,21,,$316,$0,,A059,T034
,,14,14,,$187,$0,,A059,T034
11,,,11,1,$295,"$3,240",13.6,A059,T034
,,10,10,,$46,$0,,A060,T059
15,,,15,,$39,$581,4.6,A060,T059
5,,,5,,$46,$231,5,A060,T059
,,8,8,,$145,$0,,A059,T034
,,27,27,,$6,$0,,A059,T034
,,46,46,,$45,$0,,A059,T034
,,8,8,,$175,$0,,A059,T034
,,90,90,,$45,$0,,A059,T034
10,2,3,15,,$98,$980,2,A061,T002
18,,7,25,,$74,"$1,332",19.6,A062,T005
21,,5,26,9,$31,$657,9.3,A062,T005
,,,,15,$47,$0,,A062,T005
10,3,23,36,7,$98,$980,21.2,A063,T002
2,2,7,11,28,$115,$230,0.1,A063,T002
,,,,3,$433,$0,,A063,T002
43,,44,87,,$74,"$3,181",5.5,A063,T002
,,46,46,,$316,$0,,A063,T002
49,,50,99,,$187,"$9,158",15.7,A063,T002
55,,2,57,26,$295,"$16,200",12,A063,T002
56,3,,59,27,$265,"$14,846",2.6,A063,T002
,,,,15,$47,$0,,A063,T002
17,6,,23,19,$90,"$1,523",11.5,A064,T001
16,,,16,15,$98,"$1,568",17.1,A064,T001
4,,2,6,,$73,$290,23.6,A064,T001
,,3,3,,$45,$0,,A064,T001
48,,13,61,,$45,"$2,160",26.9,A064,T001
,,35,35,,$75,$0,,A065,T034
125,,,125,,$90,"$11,200",12.8,A065,T034
51,,17,68,,$98,"$4,998",15.5,A065,T034
197,12,,209,122,$115,"$22,635",4.9,A065,T034
24,,,24,,$240,"$5,760",9.3,A065,T034
,1,,1,22,$312,$0,,A065,T034
,,70,70,,$22,$0,,A066,T004
,,29,29,,$37,$0,,A065,T034
282,4,46,332,121,$74,"$20,862",7.7,A065,T034
,,19,19,,$316,$0,,A065,T034
51,,126,177,,$73,"$3,698",17.9,A065,T034
33,,74,107,,$187,"$6,168",19.9,A065,T034
67,,,67,,$295,"$19,735",12.1,A065,T034
20,6,,26,22,$265,"$5,302",1.2,A065,T034
,,8,8,,$14,$0,,A065,T034
35,,,35,,$32,"$1,115",12.8,A067,T041
26,35,,61,,$41,"$1,066",12.2,A067,T041
45,,12,57,,$41,"$1,845",10.1,A066,T004
54,,,54,,$46,"$2,484",1.5,A067,T041
61,,,61,,$46,"$2,806",1.5,A066,T004
34,,75,109,,$31,"$1,064",26.1,A068,T007
,,28,28,,$8,$0,,A067,T041
97,,120,217,,$20,"$1,901",14,A066,T004
10,,,10,,$20,$196,17.7,A068,T007
94,2,,96,,$39,"$3,638",1.9,A066,T004
26,2,,28,,$39,"$1,006",0.6,A069,T042
20,,,20,,$46,$924,9.1,A065,T034
,,75,75,,$20,$0,,A065,T034
,,66,66,,$145,$0,,A065,T034
,,6,6,,$6,$0,,A065,T034
,,19,19,,$175,$0,,A065,T034
58,,325,383,,$45,"$2,610",22.2,A065,T034
,,5,5,,$45,$0,,A065,T034
,,52,52,,$8,$0,,A066,T004
7,,4,11,,$98,$686,9.3,A070,T002
6,,,6,,$98,$588,10.9,A071,T002
23,,17,40,27,$115,"$2,643",5.7,A070,T002
3,,,3,,$115,$345,3.8,A072,T003
12,,,12,,$115,"$1,379",13.5,A071,T002
15,,,15,,$240,"$3,600",7.3,A070,T002
,1,,1,30,$312,$0,,A070,T002
5,1,,6,1,$433,"$2,163",2,A070,T002
,,34,34,,$74,$0,,A070,T002
,,7,7,,$74,$0,,A071,T002
14,,4,18,,$316,"$4,421",20.9,A070,T002
8,,11,19,,$187,"$1,495",20.3,A070,T002
11,,2,13,,$295,"$3,240",10.1,A070,T002
,,1,1,,$74,$0,,A073,T005
32,,45,77,,$316,"$10,106",14.1,A073,T005
,,1,1,,$73,$0,,A073,T005
25,,1,26,19,$187,"$4,673",24.1,A073,T005
5,,2,7,,$75,$375,35.8,A074,T034
10,,,10,,$66,$663,11.8,A075,T050
13,,2,15,,$66,$862,8.7,A076,T050
30,,6,22,28,$90,"$2,688",3.9,A075,T050
4,,,4,,$90,$358,6.1,A076,T050
6,,1,7,,$90,$538,12.8,A077,T001
5,,,1,,$90,$448,9.2,A078,T001
8,,3,11,,$90,$717,8.6,A079,T001
40,1,3,44,111,$98,"$3,920",5,A075,T050
29,3,1,33,61,$98,"$2,842",2.5,A076,T050
4,,,4,,$98,$392,6.8,A077,T001
5,,,1,,$98,$490,12.2,A078,T001
18,,1,19,,$98,"$1,764",8.9,A079,T001
9,,,9,6,$115,"$1,034",2.1,A075,T050
6,,3,9,,$115,$689,9.3,A079,T001
,2,2,4,6,$115,$0,,A076,T050
8,,4,12,,$240,"$1,920",5.6,A075,T050
2,,,1,,$240,$480,5,A078,T001
1,,,1,,$240,$240,,A079,T001
6,,,6,,$240,"$1,440",3.3,A080,T009
,,,,10,$312,$0,,A075,T050
,,,,10,$312,$0,,A076,T050
9,,,9,,$22,$199,2.8,A075,T050
4,,,4,,$22,$88,2.2,A081,T004
2,,5,7,,$22,$44,2.2,A082,T004
,,1,1,,$4,$0,,A075,T050
,,2,2,,$74,$0,,A075,T050
,,7,7,,$316,$0,,A075,T050
,,21,21,,$73,$0,,A075,T050
,,10,10,,$187,$0,,A075,T050
2,,,2,,$187,$374,29.5,A074,T034
,,5,5,,$187,$0,,A080,T009
9,2,,11,6,$265,"$2,386",1.5,A075,T050
8,,2,10,,$46,$370,7.2,A079,T001
,,10,10,,$18,$0,,A075,T050
,,15,15,,$20,$0,,A075,T050
,,14,14,,$20,$0,,A076,T050
,,1,1,,$175,$0,,A075,T050
,,18,18,,$45,$0,,A075,T050
4,4,,8,59,$98,$392,0.1,A083,T002
5,,2,7,,$240,"$1,200",14.1,A083,T002
,1,,1,5,$312,$0,,A083,T002
40,2,42,84,,$22,$884,3.5,A083,T002
,,5,5,,$39,$0,,A083,T002
74,,14,88,33,$46,"$3,419",4.9,A083,T002
10,,2,12,,$75,$750,14,A084,T034
15,,,15,,$98,"$1,470",11.6,A085,T002
8,,,8,,$115,$919,14.2,A085,T002
42,,13,55,,$240,"$10,080",8.9,A086,T009
19,,,19,7,$240,"$4,560",16.9,A085,T002
4,,21,25,,$216,$862,19,A086,T009
9,6,,15,39,$312,"$2,808",0.3,A086,T009
21,,63,84,,$316,"$6,632",5.9,A086,T009
3,,8,11,,$316,$947,25.8,A084,T034
70,,,70,,$295,"$20,619",8,A086,T009
5,,5,10,,$90,$448,10.5,A087,T001
36,,6,42,,$98,"$3,528",4.4,A087,T001
,,,,32,$115,$0,,A087,T001
6,1,,7,1,$240,"$1,440",2.8,A087,T001
10,,1,11,14,$22,$221,6.4,A087,T001
,,3,3,,$73,$0,,A087,T001
,,19,19,,$45,$0,,A087,T001
,,20,20,,$75,$0,,A088,T034
9,1,,10,3,$98,$882,2.3,A089,T002
,,2,2,,$98,$0,,A088,T034
24,,2,26,,$240,"$5,760",9,A088,T034
4,,3,7,,$216,$862,14.9,A088,T034
,,1,1,,$216,$0,,A090,T029
2,4,,6,12,$312,$624,0.2,A088,T034
22,1,17,40,2,$74,"$1,628",8.9,A088,T034
1,,5,6,1,$74,$74,1.3,A090,T029
25,,35,60,,$316,"$7,895",13.6,A088,T034
,,5,5,,$316,$0,,A090,T029
,,2,2,,$187,$0,,A088,T034
10,,,10,,$295,"$2,946",1.6,A088,T034
6,,2,8,,$46,$277,8.8,A090,T029
,,7,7,,$18,$0,,A090,T029
,,6,6,,$20,$0,,A090,T029
,,5,5,,$175,$0,,A088,T034
,,5,5,,$175,$0,,A090,T029
,,1,1,,$8,$0,,A090,T029
,,13,13,,$75,$0,,A091,T034
,,5,5,,$75,$0,,A091,T034
36,,9,45,,$90,"$3,226",4.1,A091,T034
,,3,3,,$90,$0,,A092,T001
165,2,24,191,130,$98,"$16,170",6.8,A091,T034
64,3,,67,2,$115,"$7,354",4.2,A091,T034
,,4,4,,$115,$0,,A093,T003
45,,6,51,,$240,"$10,800",5.6,A091,T034
6,,,6,,$240,"$1,440",7,A093,T003
,,10,10,,$216,$0,,A091,T034
,,,,20,$312,$0,,A091,T034
125,1,47,173,41,$74,"$9,248",4.9,A091,T034
32,1,11,44,,$74,"$2,367",5.4,A092,T001
75,,21,96,,$74,"$5,549",5,A093,T003
3,,2,5,,$316,$947,13.2,A094,T013
,,2,2,,$73,$0,,A094,T013
,,13,13,,$73,$0,,A093,T003
,,3,3,,$187,$0,,A091,T034
6,,1,7,,$187,"$1,121",15.7,A093,T003
16,,,16,5,$295,"$4,713",1.2,A091,T034
6,,,6,,$295,"$1,767",6.2,A094,T013
,,,,15,$265,$0,,A091,T034
,,13,13,,$14,$0,,A091,T034
,,5,5,,$32,$0,,A091,T034
,,5,5,,$32,$0,,A093,T003
,,,,5,$30,$0,,A092,T001
,,,,20,$68,$0,,A091,T034
,,10,10,,$20,$0,,A091,T034
,,10,10,,$20,$0,,A091,T034
,,6,6,,$175,$0,,A091,T034
,,9,9,,$175,$0,,A094,T013
,,4,4,,$175,$0,,A093,T003
,,16,16,,$45,$0,,A091,T034
,,9,9,,$45,$0,,A091,T034
,,6,6,,$75,$0,,A095,T034
34,,7,41,,$90,"$3,046",10.6,A095,T034
123,8,14,145,25,$98,"$12,054",7.3,A095,T034
88,5,,93,27,$115,"$10,111",6.5,A095,T034
38,1,,39,13,$240,"$9,120",5.8,A095,T034
5,,,5,17,$433,"$2,163",5.1,A095,T034
,,5,5,,$22,$0,,A095,T034
169,,65,234,1,$74,"$12,503",6.8,A095,T034
2,,,2,,$316,$632,14.4,A095,T034
7,,24,31,,$73,$508,17.8,A095,T034
,,6,6,,$187,$0,,A095,T034
26,,6,32,,$295,"$7,658",5.9,A095,T034
10,,,10,12,$265,"$2,651",3.3,A095,T034
,,,,20,$68,$0,,A095,T034
,,6,6,,$20,$0,,A095,T034
20,,,20,,$46,$924,4.7,A095,T034
,,23,23,,$45,$0,,A095,T034
,,13,13,,$45,$0,,A095,T034
76,1,33,110,65,$74,"$5,622",6.3,A096,T005
1,,,1,,$74,$74,17.2,A097,T005
12,,3,15,,$46,$554,9.7,A096,T005
9,,5,14,,$46,$416,9.2,A097,T005
,,30,30,,$75,$0,,A098,T008
57,,,57,,$90,"$5,107",14.8,A098,T008
69,,,69,,$98,"$6,762",21.8,A098,T008
14,6,,20,67,$115,"$1,609",0.4,A098,T008
40,2,,42,27,$240,"$9,600",9.4,A098,T008
,1,,1,25,$312,$0,,A098,T008
91,,,91,,$37,"$3,367",15.2,A098,T008
,,7,7,,$4,$0,,A098,T008
154,9,106,269,56,$74,"$11,393",9.2,A098,T008
7,,29,36,,$316,"$2,211",25.5,A098,T008
128,,78,206,,$73,"$9,280",19.5,A098,T008
85,,39,124,,$187,"$15,887",19.8,A098,T008
18,,1,19,,$295,"$5,302",11.9,A098,T008
,,,,18,$265,$0,,A098,T008
,,,,75,$72,$0,,A098,T008
53,,87,140,,$32,"$1,688",12.7,A099,T041
81,,1,82,,$46,"$3,726",5.9,A099,T041
11,,2,13,,$46,$508,10.2,A098,T008
,,14,14,,$145,$0,,A098,T008
,,42,42,,$6,$0,,A098,T008
,,162,162,,$45,$0,,A098,T008
,,17,17,,$175,$0,,A098,T008
116,,50,166,,$45,"$5,220",26.4,A098,T008
65,,12,77,,$45,"$2,925",19.8,A098,T008
133,,39,172,,$90,"$11,917",9.6,A100,T001
11,,22,33,,$90,$986,5.5,A101,T001
101,3,24,128,165,$98,"$9,898",3.6,A100,T001
15,,,15,,$98,"$1,470",5,A101,T001
,,8,8,,$115,$0,,A100,T001
,,84,84,,$74,$0,,A100,T001
,,8,8,,$74,$0,,A101,T001
,,4,4,,$73,$0,,A100,T001
3,,1,4,,$75,$225,28.6,A102,T034
,,21,21,,$75,$0,,A103,T034
6,,7,13,,$98,$588,17.1,A103,T034
6,,1,7,,$98,$588,9.1,A104,T002
,,,,2,$98,$0,,A102,T034
4,,,4,,$115,$460,19.4,A103,T034
,,2,2,,$115,$0,,A104,T002
11,,,11,,$240,"$2,640",9.5,A103,T034
,,,,2,$240,$0,,A102,T034
,,4,4,,$216,$0,,A103,T034
,,2,2,,$22,$0,,A103,T034
22,,15,37,7,$74,"$1,628",7.7,A103,T034
,,10,10,,$316,$0,,A103,T034
,,7,7,,$187,$0,,A103,T034
9,,2,11,,$295,"$2,651",9.7,A103,T034
12,,,12,,$39,$464,8.7,A105,T042
,,7,7,,$6,$0,,A103,T034
,,2,2,,$45,$0,,A103,T034
23,,6,29,,$74,"$1,702",9.1,A106,T005
2,,,2,,$74,$148,17.4,A107,T005
4,,,4,,$74,$296,12.9,A108,T005
7,,19,26,,$316,"$2,211",21.4,A106,T005
,,10,10,,$73,$0,,A106,T005
,,6,6,,$73,$0,,A107,T005
7,,6,13,,$187,"$1,308",21.1,A106,T005
6,,,6,,$295,"$1,767",13.5,A106,T005
,,,16,,$265,$0,,A106,T005
,,1,1,,$6,$0,,A106,T005
,,1,1,,$175,$0,,A106,T005
,,7,7,,$75,$0,,A109,T034
,,13,13,,$75,$0,,A109,T034
1,,,1,,$90,$90,5.3,A109,T034
,,29,29,,$115,$0,,A109,T034
,,18,18,,$216,$0,,A109,T034
87,15,,102,54,$433,"$37,636",3.7,A109,T034
,,1,1,,$74,$0,,A109,T034
2,,4,6,,$316,$632,9.2,A109,T034
159,5,10,174,177,$295,"$46,833",6.4,A109,T034
2,2,,4,12,$312,$624,0.4,A110,T043
,,3,3,,$22,$0,,A110,T043
21,,9,30,30,$74,"$1,554",6.5,A110,T043
3,,9,12,,$73,$218,23.2,A110,T043
6,,12,18,,$187,"$1,121",14.4,A110,T043
16,,,16,,$295,"$4,713",3.6,A110,T043
16,3,,19,7,$265,"$4,242",2.5,A110,T043
18,,,18,2,$31,$563,4.7,A110,T043
,,5,5,,$18,$0,,A110,T043
,,3,3,,$175,$0,,A110,T043
,,3,3,,$75,$0,,A111,T034
,,1,1,,$75,$0,,A111,T034
2,,2,4,,$90,$179,13.7,A111,T034
23,,4,27,10,$98,"$2,254",6.6,A111,T034
10,,,10,15,$115,"$1,149",1.8,A111,T034
30,1,11,42,6,$240,"$7,200",8.1,A111,T034
10,,3,13,,$216,"$2,156",9,A111,T034
,1,,1,65,$312,$0,,A111,T034
8,1,,9,2,$433,"$3,461",1.7,A111,T034
1,,1,2,,$316,$316,17.7,A111,T034
,,2,2,,$187,$0,,A111,T034
30,,5,35,30,$295,"$8,837",6.2,A111,T034
10,2,,12,62,$265,"$2,651",1.1,A111,T034
,,1,1,,$98,$0,,A112,T002
22,,2,24,,$115,"$2,528",2,A112,T002
2,,,2,,$115,$230,2.7,A113,T003
10,2,6,18,4,$240,"$2,400",7.5,A112,T002
2,,,2,,$22,$44,0.3,A112,T002
13,,,13,,$22,$287,3,A113,T003
9,,10,19,,$316,"$2,842",19,A112,T002
,,2,2,,$73,$0,,A112,T002
,,1,1,,$73,$0,,A113,T003
,,9,9,,$187,$0,,A112,T002
29,,,29,12,$295,"$8,542",5.3,A112,T002
,,,,24,$265,$0,,A112,T002
,,4,4,,$14,$0,,A113,T003
,,14,14,,$7,$0,,A113,T003
,,12,12,,$175,$0,,A112,T002
,,7,7,,$45,$0,,A112,T002
,,14,14,,$45,$0,,A113,T003
68,,3,71,,$75,"$5,100",21.4,A114,T034
8,,62,70,,$75,$600,28.6,A114,T034
26,,,,,$20,$507,,A115,T065
45,,7,52,,$22,$995,25.2,A114,T034
21,,,,,$25,$519,,A115,T065
,,72,72,,$4,$0,,A114,T034
,,5,5,,$74,$0,,A114,T034
,,22,22,,$316,$0,,A114,T034
119,,4,123,,$73,"$8,628",25,A114,T034
42,19,,61,65,$187,"$7,850",2.6,A114,T034
27,16,,43,16,$295,"$7,953",5.3,A114,T034
241,,,,,$3,$610,,A115,T065
40,,52,92,,$145,"$5,800",39,A114,T034
,,6,6,,$6,$0,,A114,T034
59,,12,71,,$175,"$10,325",23.5,A114,T034
,,2,2,,$75,$0,,A116,T034
9,,2,11,,$90,$806,15.5,A116,T034
10,,2,12,,$98,$980,14.4,A116,T034
11,1,,12,8,$115,"$1,264",10,A116,T034
8,,,8,,$240,"$1,920",7.2,A116,T034
2,,5,7,,$216,$431,9,A116,T034
7,2,,9,12,$312,"$2,184",0.9,A116,T034
,,15,15,,$22,$0,,A116,T034
,,2,2,,$74,$0,,A116,T034
,,7,7,,$73,$0,,A116,T034
12,,,12,,$46,$554,7.6,A117,T063
,,10,10,,$39,$0,,A116,T034
12,,,12,,$46,$554,8.5,A116,T034
,,5,5,,$145,$0,,A116,T034
,,4,4,,$6,$0,,A116,T034
,,27,27,,$45,$0,,A116,T034
,,7,7,,$175,$0,,A116,T034
,,26,26,,$45,$0,,A116,T034
,,3,3,,$8,$0,,A116,T034
9,,,9,2,$22,$199,6.6,A118,T004
,,4,4,,$74,$0,,A118,T004
,,24,24,,$14,$0,,A118,T004
,,4,4,,$32,$0,,A118,T004
1,,,1,,$7,$7,36.9,A118,T004
55,4,32,91,4,$31,"$1,722",9.6,A118,T004
2,,1,3,,$8,$16,20,A118,T004
,,28,28,,$20,$0,,A118,T004
11,,,11,4,$39,$426,4.7,A118,T004
9,,5,14,,$46,$416,8.8,A118,T004
3,,,3,,$12,$36,22.4,A118,T004
12,,2,14,,$8,$96,26.2,A118,T004
56,1,3,60,78,$74,"$4,143",3.8,A119,T005
,,11,11,,$66,$0,,A120,T050
23,,30,53,18,$90,"$2,061",11.9,A120,T050
28,7,1,36,59,$98,"$2,744",5.7,A120,T050
13,2,,15,6,$115,"$1,494",0.7,A120,T050
,,42,42,,$74,$0,,A120,T050
,,11,11,,$7,$0,,A120,T050
,,22,22,,$75,$0,,A121,T034
41,5,,46,44,$98,"$4,018",4.6,A122,T002
24,,30,54,14,$240,"$5,760",7.1,A121,T034
,,3,3,,$216,$0,,A121,T034
15,,,15,15,$22,$332,1.9,A121,T034
74,,75,149,50,$74,"$5,475",5.3,A121,T034
4,,14,18,,$74,$296,19.1,A122,T002
2,,61,63,,$316,$632,22.8,A121,T034
,,19,19,,$187,$0,,A121,T034
10,,4,14,,$295,"$2,946",2.3,A121,T034
18,,,18,,$49,$882,3.2,A121,T034
,,1,1,,$190,$0,,A121,T034
,,25,25,,$145,$0,,A121,T034
,,11,11,,$6,$0,,A121,T034
,,25,25,,$45,$0,,A121,T034
,,18,18,,$175,$0,,A121,T034
124,,67,191,134,$74,"$9,174",8.1,A123,T005
2,,,2,,$22,$44,3.5,A124,T004
53,,21,74,82,$74,"$3,921",8.2,A125,T005
,,11,11,,$73,$0,,A125,T005
,,16,16,,$187,$0,,A125,T005
4,,,4,,$295,"$1,178",12.9,A125,T005
12,2,,14,3,$265,"$3,181",1.9,A125,T005
19,,21,40,,$20,$372,15,A126,T048
14,,2,16,2,$39,$542,11.5,A126,T048
36,,,36,1,$46,"$1,663",6.3,A126,T048
,,6,6,,$145,$0,,A125,T005
,,13,13,,$6,$0,,A125,T005
,,34,34,,$45,$0,,A125,T005
,,53,53,,$45,$0,,A125,T005
,,2,2,,$90,$0,,A127,T001
16,,18,34,12,$98,"$1,568",6.2,A127,T001
6,,2,8,17,$115,$689,4.4,A127,T001
6,,6,12,,$240,"$1,440",17.2,A127,T001
,,10,10,,$216,$0,,A127,T001
,,14,14,,$74,$0,,A127,T001
,,2,2,,$316,$0,,A127,T001
,,1,1,,$73,$0,,A127,T001
,,22,22,,$187,$0,,A127,T001
,,4,4,,$295,$0,,A127,T001
,,,,16,$265,$0,,A127,T001
,,,,10,$72,$0,,A127,T001
,,2,2,,$39,$0,,A127,T001
,,2,2,,$46,$0,,A127,T001
3,,,3,,$90,$269,11,A128,T001
19,,10,29,,$90,"$1,702",8.6,A129,T001
,,6,6,,$90,$0,,A130,T001
7,1,,8,,$98,$686,4,A128,T001
34,,,34,,$98,"$3,332",3.8,A129,T001
11,,,11,,$115,"$1,264",0.8,A129,T001
22,,6,28,1,$240,"$5,280",4.2,A130,T001
4,4,,8,3,$240,$960,7.5,A129,T001
,,3,3,,$216,$0,,A130,T001
126,2,45,173,4,$74,"$9,321",5.5,A130,T001
5,,12,17,,$74,$370,12.1,A131,T005
26,2,6,34,,$74,"$1,923",5.3,A128,T001
9,,,9,,$74,$666,5.6,A132,T005
3,,,,,$96,$288,,A133,T070
3,,2,5,,$187,$561,14.1,A130,T001
18,3,,21,8,$265,"$4,772",1.8,A130,T001
,,,,20,$68,$0,,A130,T001
,,27,27,,$8,$0,,A130,T001
1,,,1,,,$0,,A129,T001
2,,,2,,,$0,,A129,T001
1,,,1,,,$0,,A129,T001
,,,,18,$115,$0,,A134,T003
23,,,23,7,$240,"$5,520",3.7,A134,T003
3,,,,,$22,$66,,A134,T003
18,2,1,21,2,$37,$666,15.3,A134,T003
8,,10,18,,$187,"$1,495",17.8,A134,T003
,,25,25,,$145,$0,,A134,T003
,,11,11,,$6,$0,,A134,T003
,,38,38,,$45,$0,,A134,T003
,,6,6,,$45,$0,,A134,T003
,,7,7,,$29,$0,,A135,T049
,,9,9,,$75,$0,,A136,T034
2,,,2,,$66,$133,7.3,A135,T049
44,,,44,,$90,"$3,942",15,A135,T049
16,,11,27,,$90,"$1,434",11.4,A136,T034
5,,5,10,3,$90,$448,9.6,A137,T001
,,4,4,,$90,$0,,A138,T001
67,,11,78,25,$98,"$6,566",10.5,A135,T049
14,1,60,75,24,$98,"$1,372",10,A136,T034
18,,12,30,,$98,"$1,764",13,A139,T002
34,,6,40,,$98,"$3,332",10.9,A138,T001
93,1,40,134,32,$98,"$9,114",7.2,A137,T001
18,,,18,10,$115,"$2,068",11.2,A135,T049
14,,5,19,3,$115,"$1,609",13.3,A136,T034
3,,,3,1,$115,$345,11.7,A139,T002
3,,3,6,,$115,$345,17.6,A138,T001
10,1,,11,,$115,"$1,149",1,A137,T001
17,3,,20,3,$240,"$4,080",1.9,A136,T034
10,,5,15,2,$240,"$2,400",9.2,A138,T001
17,,22,39,,$216,"$3,664",10.7,A136,T034
,,,,18,$312,$0,,A135,T049
,,,,16,$312,$0,,A136,T034
,1,,1,9,$312,$0,,A138,T001
12,,,12,,$433,"$5,191",2.7,A135,T049
5,,14,19,,$22,$111,4.5,A140,T004
11,,12,23,,$22,$243,4.8,A141,T004
,,123,123,,$74,$0,,A135,T049
,,10,10,,$74,$0,,A136,T034
,,38,38,,$74,$0,,A138,T001
,,21,21,,$316,$0,,A136,T034
37,,64,101,,$316,"$11,685",20.4,A135,T049
,,4,4,,$316,$0,,A138,T001
,,56,56,,$73,$0,,A135,T049
,,30,30,,$73,$0,,A136,T034
3,,1,4,,$73,$218,24.5,A142,T030
4,,,4,,$73,$290,20.1,A138,T001
,,2,2,,$187,$0,,A136,T034
7,,24,31,,$187,"$1,308",21.9,A135,T049
1,,,1,,$187,$187,26.1,A142,T030
,,3,3,,$187,$0,,A138,T001
58,,3,61,,$295,"$17,084",14.4,A135,T049
23,1,,24,20,$265,"$6,097",1.6,A135,T049
,,4,4,,$14,$0,,A135,T049
,,12,12,,$14,$0,,A143,T006
,,3,3,,$14,$0,,A140,T004
,,12,12,,$14,$0,,A138,T001
,,16,16,,$14,$0,,A135,T049
11,,26,37,,$32,$350,15.9,A140,T004
16,2,,18,21,$49,$784,3.7,A140,T004
13,,,13,,$46,$598,10.3,A140,T004
,,1,1,,$7,$0,,A135,T049
,,2,2,,$7,$0,,A135,T049
,,19,19,,$7,$0,,A140,T004
6,,,6,,$39,$232,7.1,A143,T006
14,,,14,,$46,$647,5.8,A143,T006
,,37,37,,$18,$0,,A140,T004
,,8,8,,$18,$0,,A138,T001
,,6,6,,$20,$0,,A135,T049
,,6,6,,$190,$0,,A135,T049
,,8,8,,$145,$0,,A135,T049
,,13,13,,$145,$0,,A136,T034
,,17,17,,$6,$0,,A136,T034
,,2,2,,$6,$0,,A138,T001
,,50,50,,$45,$0,,A136,T034
,,1,1,,$175,$0,,A138,T001
,,39,39,,$45,$0,,A136,T034
2,,1,3,,$12,$24,22.1,A143,T006
,,11,11,,$8,$0,,A135,T049
,,8,8,16,$74,$0,,A144,T005
,,1,1,,$316,$0,,A144,T005
28,,13,41,,$73,"$2,030",21.5,A144,T005
4,,5,9,,$187,$748,18,A144,T005
,,,,1,$265,$0,,A144,T005
,,17,17,,$6,$0,,A144,T005
124,10,16,150,400,$98,"$12,152",5.2,A145,T002
,,,,20,$115,$0,,A145,T002
45,1,4,50,40,$98,"$4,410",8.5,A146,T002
3,,,3,10,$115,$345,0.2,A146,T002
22,3,,25,8,$28,$605,2.8,A146,T002
,,22,22,,$75,$0,,A147,T034
,,,,31,$312,$0,,A147,T034
,,,,8,$20,$0,,A148,T074
50,,7,57,,$74,"$3,699",6.9,A147,T034
13,1,22,36,10,$74,$962,16.6,A149,T005
,,114,114,,$316,$0,,A147,T034
,,2,2,,$187,$0,,A149,T005
39,,21,60,,$187,"$7,289",11.5,A147,T034
40,,6,46,,$295,"$11,782",13.4,A147,T034
31,6,,37,14,$265,"$8,218",2.6,A147,T034
8,,2,9,,$32,$255,12.9,A150,T075
10,,2,11,,$31,$313,12,A148,T074
17,,,17,3,$39,$658,5.3,A150,T075
3,1,,5,17,$46,$139,0.4,A150,T075
,,20,20,,$145,$0,,A147,T034
,,58,58,,$6,$0,,A147,T034
,,10,10,,$175,$0,,A147,T034
,,19,19,,$45,$0,,A147,T034
,,16,16,,$45,$0,,A147,T034
,,,,35,$47,$0,,A147,T034
,,,,35,$47,$0,,A150,T075
9,,2,11,,$8,$72,21.3,A148,T074
3,,,3,2,$8,$24,18.3,A151,T047
39,,8,8,10,$31,"$1,221",,A152,T076
14,,44,58,,$32,$446,13.4,A152,T076
16,5,,21,,$41,$656,11.4,A152,T076
,,,,5,$46,$0,,A152,T076
47,,22,108,,$31,"$1,471",16.6,A152,T076
,,1,1,,$98,$0,,A153,T002
11,,5,16,,$240,"$2,640",7,A153,T002
,,3,3,,$216,$0,,A153,T002
13,,8,21,,$22,$287,7.4,A153,T002
70,,53,123,75,$74,"$5,179",7.4,A153,T002
9,,1,10,,$295,"$2,651",9.3,A153,T002
,,,,10,$265,$0,,A153,T002
,,2,2,,$98,$0,,A154,T002
,,1,1,,$115,$0,,A154,T002
50,4,17,71,25,$74,"$3,699",18.8,A154,T002
11,,5,16,,$73,$798,26.8,A154,T002
,,1,1,,$14,$0,,A154,T002
130,,12,142,25,$98,"$12,740",11.3,A155,T002
35,4,,39,87,$115,"$4,022",1.6,A155,T002
60,,4,64,24,$46,"$2,772",8.2,A155,T002
,,2,2,,$90,$0,,A156,T001
41,,,41,,$98,"$4,018",5.2,A156,T001
18,2,,20,1,$115,"$2,068",1.4,A156,T001
,,6,6,,$75,$0,,A157,T008
12,,16,28,,$74,$888,8.1,A157,T008
2,,1,3,,$74,$148,19.7,A158,T005
,,1,1,,$73,$0,,A157,T008
,,12,12,,$187,$0,,A157,T008
,,7,7,,$295,$0,,A157,T008
7,,2,9,,$265,"$1,856",2.4,A157,T008
1,,,1,,$31,$31,14.8,A158,T005
,,5,5,,$39,$0,,A157,T008
15,,,15,,$46,$693,4.4,A157,T008
,,3,3,,$18,$0,,A157,T008
,,2,2,,$6,$0,,A157,T008
,,2,2,,$45,$0,,A157,T008
,,40,40,,$75,$0,,A159,T034
,,,,30,$126,$0,,A159,T034
29,,1,30,11,$240,"$6,960",12,A159,T034
10,,,10,,$433,"$4,326",4.7,A159,T034
,,1,1,,$4,$0,,A159,T034
40,,11,51,51,$74,"$2,959",9.6,A159,T034
18,,,18,,$74,"$1,332",11.2,A160,T005
34,4,50,88,7,$316,"$10,737",10.8,A159,T034
48,1,4,53,14,$295,"$14,138",7.5,A159,T034
4,,,4,,$295,"$1,178",10.7,A160,T005
,3,,3,10,$265,$0,,A159,T034
,1,,1,,$82,$0,,A159,T034
,,,,10,$72,$0,,A159,T034
5,,,5,,,$0,5.9,A159,T034
,,12,12,,$20,$0,,A159,T034
,,6,6,,$145,$0,,A159,T034
,,6,6,,$6,$0,,A159,T034
,,2,2,,$45,$0,,A159,T034
,,5,5,,$175,$0,,A159,T034
,,16,16,,$45,$0,,A159,T034
23,,2,25,,$90,"$2,061",9.1,A161,T001
17,,,17,,$90,"$1,523",9.7,A162,T001
6,,,6,,$90,$538,7,A163,T001
8,,,2,,$90,$717,11.2,A164,T001
14,,,14,,$98,"$1,372",14.6,A165,T002
73,1,7,81,33,$98,"$7,154",10,A161,T001
56,,3,59,20,$98,"$5,488",4.8,A162,T001
14,,,,,$98,"$1,372",,A164,T001
31,,,31,20,$115,"$3,562",3.4,A161,T001
16,,,16,1,$115,"$1,838",1,A162,T001
6,2,,8,24,$312,"$1,872",0.5,A161,T001
3,,,3,,$187,$561,10.3,A165,T002
14,,,14,6,$187,"$2,617",6.2,A161,T001
20,,2,22,,$187,"$3,738",9.8,A162,T001
3,,,,,$187,$561,,A163,T001
3,,,3,,$187,$561,12.6,A166,T014
3,,,3,,$187,$561,12.3,A167,T014
10,,,10,,$295,"$2,946",5.7,A161,T001
2,,,2,,$295,$589,7.6,A167,T014
3,,,,,$265,$795,,A164,T001
22,1,,23,10,$265,"$5,832",2,A162,T001
,,1,1,,$75,$0,,A168,T008
27,1,,28,,$98,"$2,646",1.1,A169,T002
,,,,221,$98,$0,,A168,T008
3,,,3,,$240,$720,1.1,A168,T008
,,,,1,$240,$0,,A170,T009
16,,,16,,$22,$354,2.1,A170,T009
51,3,,54,10,$22,"$1,127",3.6,A171,T004
,,1,1,,$22,$0,,A172,T004
108,4,19,131,204,$74,"$7,990",5.3,A168,T008
14,,6,20,,$74,"$1,036",2.6,A169,T002
25,1,1,27,,$74,"$1,850",2,A170,T009
24,,,24,8,$74,"$1,776",1.6,A172,T004
2,,,2,,$316,$632,27.3,A168,T008
,,3,3,,$7,$0,,A171,T004
,,20,20,,$45,$0,,A168,T008
,,16,16,,$45,$0,,A171,T004
,,5,5,,$45,$0,,A168,T008
,,8,8,,$22,$0,,A173,T004
3,,23,26,10,$74,$222,19.9,A173,T004
,,10,10,,$187,$0,,A173,T004
6,1,,7,2,$265,"$1,591",3.6,A173,T004
10,,,10,,$31,$313,4.3,A173,T004
,,14,14,,$20,$0,,A173,T004
18,,6,24,,$39,$697,9.8,A173,T004
6,,,6,,$46,$277,5,A173,T004
,,3,3,,$145,$0,,A173,T004
,,1,1,,$6,$0,,A173,T004
,,1,1,,$16,$0,,A173,T004
,,26,26,,$75,$0,,A174,T034
,,25,25,,$75,$0,,A174,T034
,,4,4,,$75,$0,,A175,T008
30,,5,35,,$90,"$2,688",14.9,A174,T034
7,,,7,,$90,$627,12,A175,T008
21,1,1,23,2,$90,"$1,882",12.6,A176,T001
43,,7,50,,$90,"$3,853",10.8,A177,T001
5,,3,8,,$90,$448,20,A178,T001
21,1,1,23,2,$90,"$1,882",12.6,A176,T001
,,5,5,6,$90,$0,,A179,T001
66,1,26,93,77,$98,"$6,468",9.3,A174,T034
18,,,18,,$98,"$1,764",14.8,A175,T008
9,,,9,1,$98,$882,13.1,A176,T001
21,4,4,29,33,$98,"$2,058",1.3,A179,T001
3,,,3,,$98,$294,0.7,A180,T002
16,,10,26,,$98,"$1,568",25.4,A177,T001
22,,4,26,,$98,"$2,156",16.6,A178,T001
6,,,6,,$98,$588,15.7,A181,T002
9,,,9,1,$98,$882,13.1,A176,T001
64,,,64,40,$115,"$7,354",12,A174,T034
6,,,6,,$115,$689,19.1,A175,T008
9,,4,13,,$115,"$1,034",14.5,A178,T001
,,4,4,,$115,$0,,A175,T008
19,,5,24,,$240,"$4,560",9.6,A174,T034
9,1,,10,1,$240,"$2,160",19.3,A176,T001
6,1,,7,1,$240,"$1,440",12.7,A179,T001
14,,15,29,,$240,"$3,360",6.2,A178,T001
2,,2,4,,$240,$480,3.4,A181,T002
9,1,,10,1,$240,"$2,160",19.3,A176,T001
,,4,4,,$216,$0,,A175,T008
42,,20,62,,$216,"$9,053",13.5,A174,T034
10,,5,15,,$216,"$2,156",14.5,A178,T001
1,2,,3,3,$216,$216,13.1,A181,T002
5,,,,,$216,"$1,078",,A182,T029
,6,,6,25,$312,$0,,A174,T034
14,,,14,,$433,"$6,056",5.2,A174,T034
,,7,7,,$22,$0,,A182,T029
,,45,45,,$22,$0,,A179,T001
,,29,29,,$22,$0,,A183,T004
10,,,,,$30,$295,,A184,T083
,,2,2,,$37,$0,,A177,T001
,,1,1,,$4,$0,,A174,T034
,,155,155,,$74,$0,,A174,T034
,,4,4,,$74,$0,,A185,T005
,,13,13,,$74,$0,,A175,T008
,,11,11,,$74,$0,,A176,T001
2,,1,3,,$74,$148,15.7,A179,T001
,,11,11,,$74,$0,,A176,T001
,,10,10,,$316,$0,,A185,T005
32,,48,80,,$316,"$10,106",9.1,A174,T034
,,3,3,,$187,$0,,A174,T034
6,,,6,,$187,"$1,121",20.9,A175,T008
,,,,34,$295,$0,,A174,T034
5,,,5,,$295,"$1,473",2.7,A185,T005
5,,,5,1,$295,"$1,473",16.2,A175,T008
6,1,,7,,$295,"$1,767",0.7,A178,T001
6,,,,4,$320,"$1,921",,A184,T083
4,2,,6,,$82,$328,0.3,A178,T001
4,,,,11,$72,$287,,A184,T083
,,,,15,$72,$0,,A184,T083
,,23,23,,$14,$0,,A182,T029
,,18,18,,$14,$0,,A179,T001
,,6,6,,$14,$0,,A183,T004
8,,25,33,,$14,$109,18.3,A176,T001
9,,16,25,,$14,$122,18.2,A178,T001
8,,25,33,,$14,$109,18.3,A176,T001
,,48,48,,$32,$0,,A182,T029
,,23,23,,$32,$0,,A179,T001
,,5,5,,$32,$0,,A183,T004
,,20,20,,$41,$0,,A182,T029
,,2,2,,$41,$0,,A179,T001
27,,,27,,$46,"$1,242",8.6,A182,T029
8,,15,23,,$46,$368,5.8,A179,T001
,,4,4,,$7,$0,,A182,T029
,,3,3,,$7,$0,,A183,T004
18,,1,19,,$31,$563,13.1,A175,T008
2,,3,5,,$31,$63,8.3,A176,T001
2,,3,5,,$31,$63,8.3,A176,T001
,,1,1,,$8,$0,,A179,T001
,,25,25,,$20,$0,,A178,T001
1,,,1,,$20,$20,15.5,A176,T001
1,,,1,,$20,$20,15.5,A176,T001
23,,10,33,,$46,"$1,063",6.4,A182,T029
10,7,,17,7,$46,$462,5.5,A175,T008
10,,1,11,,$46,$462,5.9,A183,T004
,,35,35,,$18,$0,,A182,T029
,,2,2,,$20,$0,,A183,T004
11,,19,30,,$20,$220,23.2,A175,T008
,,12,12,,$145,$0,,A174,T034
,,1,1,,$145,$0,,A185,T005
,,1,1,,$6,$0,,A174,T034
,,5,5,,$6,$0,,A185,T005
,,15,15,,$45,$0,,A175,T008
,,16,16,,$175,$0,,A178,T001
12,,7,19,,$175,"$2,100",17.6,A185,T005
,,29,29,,$45,$0,,A175,T008
,,4,4,,$45,$0,,A177,T001
,,11,11,,$45,$0,,A178,T001
,,3,3,,$45,$0,,A181,T002
,,31,31,,$12,$0,,A178,T001
,,6,6,,$75,$0,,A186,T034
18,,19,37,,$240,"$4,320",4.6,A186,T034
,1,,1,6,$312,$0,,A186,T034
6,,,6,,$433,"$2,596",4.6,A186,T034
21,,,21,,$22,$464,5,A187,T004
13,,1,14,,$22,$287,6.3,A188,T004
56,,111,167,25,$74,"$4,143",4.7,A186,T034
,,8,8,,$74,$0,,A187,T004
2,,42,44,,$316,$632,10.7,A186,T034
,,17,17,,$295,$0,,A186,T034
,,12,12,,$18,$0,,A186,T034
,,3,3,,$18,$0,,A187,T004
,,8,8,,$18,$0,,A188,T004
,,21,21,,$145,$0,,A186,T034
,,6,6,,$175,$0,,A186,T034
,,4,4,,,,,A189,T001
,,7,7,,,,,A189,T001
,,1,1,,,,,A189,T001
7,,6,13,,,,16.6,A189,T001
4,,,4,,,,22.6,A189,T001
,,11,11,,,,,A189,T001
,,6,6,,,,,A189,T001
7,,14,21,,,,27.1,A189,T001
1,,58,59,,$32,$32,22.9,A190,T041
20,,,20,,$41,$820,12.9,A190,T041
64,,,64,,$46,"$2,944",10.3,A190,T041
,,17,17,,$7,$0,,A190,T041
,,6,6,,$11,$0,,A190,T041
,,36,36,,$20,$0,,A190,T041
48,,,48,,$39,"$1,858",1.5,A190,T041
,,4,4,,$75,$0,,A191,T034
9,,12,21,,$98,$882,12.3,A191,T034
25,,4,29,,$115,"$2,873",11.8,A191,T034
,,2,2,,$240,$0,,A191,T034
,,19,19,30,$74,$0,,A191,T034
,,10,10,,$73,$0,,A191,T034
,,1,1,,$187,$0,,A191,T034
,,1,1,,$145,$0,,A191,T034
,,2,2,,$175,$0,,A191,T034
1,,,,69,$98,$98,,A192,T002
,,,,30,$115,$0,,A192,T002
,,2,2,,$216,$0,,A192,T002
56,,66,122,,$74,"$4,143",4.1,A192,T002
1,,,1,,$74,$74,3.3,A193,T005
46,5,3,54,,$74,"$3,403",3.6,A194,T005
12,,,11,32,$265,"$3,181",2.2,A195,T039
1,,,1,,$265,$265,0.5,A193,T005
,,7,7,,$18,$0,,A192,T002
,,8,8,,$45,$0,,A192,T002
,,1,1,,$75,$0,,A196,T034
,,6,6,,$75,$0,,A196,T034
,,5,5,,$98,$0,,A196,T034
10,,2,12,,$240,"$2,400",5.4,A196,T034
,,4,4,,$22,$0,,A196,T034
29,1,15,45,27,$74,"$2,145",5.1,A196,T034
,,1,1,,$73,$0,,A196,T034
,,1,1,,$187,$0,,A196,T034
4,1,,5,21,$265,"$1,060",1.4,A196,T034
4,,,4,,$39,$155,5,A196,T034
,,13,13,,$75,$0,,A197,T034
4,,8,12,,$75,$300,23.7,A197,T034
11,2,1,14,2,$98,"$1,078",10.9,A197,T034
,,2,2,,$115,$0,,A197,T034
1,,,1,2,$240,$240,1.9,A197,T034
10,,2,12,,$22,$221,7.3,A197,T034
,,7,7,,$74,$0,,A197,T034
,,15,15,,$316,$0,,A197,T034
11,,,11,,$295,"$3,240",11.2,A197,T034
,,,,8,$265,$0,,A197,T034
,,5,5,,$145,$0,,A197,T034
,,5,5,,$6,$0,,A197,T034
,,2,2,,$75,$0,,A198,T034
17,5,5,27,52,$98,"$1,666",2.1,A198,T034
,,,,18,$115,$0,,A198,T034
58,,40,98,5,$74,"$4,291",6.4,A198,T034
,,13,13,,$75,$0,,A199,T034
,,4,4,,$90,$0,,A199,T034
10,,15,25,,$98,$980,6.9,A199,T034
9,,9,18,,$98,$882,6.4,A200,T002
24,,,24,30,$115,"$2,758",2,A199,T034
15,,8,23,,$240,"$3,600",2.8,A199,T034
6,,12,18,,$216,"$1,293",16,A199,T034
,,,,6,$312,$0,,A199,T034
,,18,18,,$74,$0,,A199,T034
,,18,18,,$316,$0,,A199,T034
8,,,8,,$295,"$2,356",3.7,A199,T034
9,,,9,,$31,$282,13,A200,T002
,,11,11,,$18,$0,,A199,T034
,,6,6,,$145,$0,,A199,T034
,,14,14,,$6,$0,,A199,T034
,,4,4,,$175,$0,,A199,T034
,,,,12,$31,$0,,A200,T002
,,4,4,,$75,$0,,A201,T034
53,,13,66,,$98,"$5,194",7.2,A202,T002
8,,,8,,$115,$919,7.9,A202,T002
28,,2,30,,$240,"$6,720",10,A201,T034
,,11,11,,$240,$0,,A202,T002
12,,,12,,$433,"$5,191",7.4,A201,T034
20,,3,23,,$37,$740,14.8,A203,T061
,,14,14,,$37,$0,,A202,T002
,,4,4,,$74,$0,,A204,T005
71,1,43,115,,$74,"$5,253",10.2,A201,T034
8,,17,25,,$74,$592,6.3,A205,T005
4,,,,1,$74,$296,,A206,T005
11,,54,65,,$316,"$3,474",16.7,A201,T034
3,,,,,$316,$947,,A206,T005
1,,38,39,,$187,$187,10.9,A201,T034
1,,,,,$187,$187,,A206,T005
,,,,8,$265,$0,,A201,T034
11,,,11,,$265,"$2,916",2.4,A202,T002
4,,,,,$14,$54,,A206,T005
,,19,19,,$14,$0,,A203,T061
3,,,3,,$14,$41,28.7,A204,T005
44,,10,54,,$31,"$1,377",10,A203,T061
5,,,5,,$31,$157,12.8,A202,T002
18,,22,40,,$31,$563,15.2,A207,T007
31,,16,47,,$31,$970,7.5,A208,T007
,,2,2,,$11,$0,,A209,T085
15,1,,16,3,$20,$300,23.6,A203,T061
15,,1,16,,$20,$300,23.6,A209,T085
,,1,1,,$145,$0,,A201,T034
,,2,2,,$6,$0,,A204,T005
1,,,,,$8,$8,,A206,T005
,,9,9,,$75,$0,,A210,T034
,,3,3,,$75,$0,,A211,T034
,,2,2,,$75,$0,,A210,T034
2,,,,10,$90,$179,,A212,T001
2,,1,3,,$90,$179,13.4,A210,T034
35,5,6,46,30,$98,"$3,430",7.4,A210,T034
4,,,4,,$98,$392,1.4,A213,T002
8,3,4,15,16,$115,$919,9.6,A210,T034
26,,5,31,,$240,"$6,240",11.3,A210,T034
8,,,8,,$240,"$1,920",2.5,A211,T034
4,,,4,,$216,$862,10.4,A210,T034
12,12,,24,37,$312,"$3,744",1.2,A210,T034
6,3,,9,4,$433,"$2,596",2.6,A210,T034
,,1,1,,$74,$0,,A210,T034
,,3,3,,$316,$0,,A210,T034
,,1,1,,$73,$0,,A210,T034
,,2,2,,$187,$0,,A210,T034
43,,,43,70,$295,"$12,666",5.2,A210,T034
11,,,11,5,$295,"$3,240",3.2,A211,T034
30,,,30,30,$265,"$7,953",2.4,A210,T034
3,,,,,$33,$98,,A212,T001
4,,,,,$50,$202,,A212,T001
,,,,10,$50,$0,,A212,T001
1,,,,,$56,$56,,A212,T001
1,,,,10,,$0,,A212,T001
,,31,31,,$7,$0,,A214,T007
118,,45,163,,$39,"$4,567",6,A214,T007
,,17,17,,$46,$0,,A214,T007
1,,,1,,$98,$98,14.8,A215,T002
,,4,4,,$115,$0,,A215,T002
,,,2,,$20,$0,,A216,T074
,,4,4,,$22,$0,,A215,T002
5,,5,10,,$25,$124,4.5,A216,T074
37,,27,64,,$74,"$2,737",10.9,A215,T002
1,,3,4,,$316,$316,23.9,A215,T002
,,2,2,,$73,$0,,A215,T002
4,,2,6,,$187,$748,16,A215,T002
5,,,5,,$265,"$1,326",0.9,A215,T002
4,,2,6,,$46,$185,2.1,A215,T002
2,,12,14,,$75,$150,28.6,A217,T008
4,,,4,,$90,$358,8.1,A217,T008
6,,8,14,,$98,$588,5.8,A217,T008
1,,,1,,$98,$98,21,A218,T002
2,,6,8,,$115,$230,4.6,A217,T008
2,1,1,4,,$240,$480,7.8,A217,T008
,,4,4,,$216,$0,,A217,T008
,,2,2,,$316,$0,,A217,T008
6,1,,7,23,$265,"$1,591",1.9,A217,T008
,,2,2,,$31,$0,,A217,T008
,,3,3,,$31,$0,,A218,T002
3,,,3,,$39,$116,7.8,A217,T008
2,,3,5,,$46,$92,9.2,A217,T008
,,2,2,,$190,$0,,A217,T008
,,4,4,,$22,$0,,A219,T004
366,10,100,476,205,$74,"$27,077",6.6,A219,T004
,,9,9,,$75,$0,,A220,T008
19,,1,20,,$90,"$1,702",14.6,A220,T008
19,,,19,6,$98,"$1,862",6.1,A220,T008
6,,,6,9,$115,$689,8.8,A220,T008
19,,14,33,15,$74,"$1,406",7.4,A220,T008
2,,,2,,$187,$374,20.6,A220,T008
,,,,17,$39,$0,,A220,T008
,,2,2,,$16,$0,,A220,T008
,,4,4,,$75,$0,,A221,T034
4,,,4,,$90,$358,9.8,A221,T034
16,4,,20,26,$98,"$1,568",8.9,A221,T034
8,,,8,,$115,$919,14.7,A221,T034
8,,,8,,$240,"$1,920",7.5,A221,T034
1,,,1,,$240,$240,18.3,A222,T009
8,,,8,,$216,"$1,724",15.7,A221,T034
,,,,8,$312,$0,,A221,T034
13,,7,20,,$22,$287,2,A221,T034
81,,41,122,,$74,"$5,992",13.9,A221,T034
,,10,10,,$316,$0,,A221,T034
,,1,1,,$73,$0,,A222,T009
,,18,18,,$187,$0,,A221,T034
,,7,7,,$14,$0,,A221,T034
,,5,5,,$32,$0,,A221,T034
19,,3,22,4,$46,$874,4.7,A221,T034
,,1,1,,$7,$0,,A223,T068
,,28,28,,$7,$0,,A221,T034
41,,17,58,,$31,"$1,283",18.7,A223,T068
7,,1,8,,$31,$219,19.7,A222,T009
,,7,7,,$18,$0,,A221,T034
,,4,4,,$18,$0,,A223,T068
,,12,12,,$145,$0,,A221,T034
,,29,29,,$6,$0,,A221,T034
,,71,71,,$45,$0,,A221,T034
,,82,82,,$45,$0,,A221,T034
,,8,8,,$45,$0,,A221,T034
,,7,7,,$12,$0,,A221,T034
,,36,36,,$75,$0,,A224,T034
,,1,1,,$75,$0,,A224,T034
5,,,5,,$90,$448,12.2,A224,T034
35,5,9,49,4,$98,"$3,430",6.4,A224,T034
15,,12,27,,$115,"$1,724",4.9,A224,T034
28,5,12,45,14,$240,"$6,720",6.1,A224,T034
,,4,4,,$216,$0,,A224,T034
,,26,26,,$74,$0,,A224,T034
21,,107,128,,$316,"$6,632",16.8,A224,T034
,,10,10,,$73,$0,,A224,T034
,,12,12,,$187,$0,,A224,T034
54,3,,57,2,$295,"$15,906",8.9,A224,T034
4,4,,8,4,$265,"$1,060",0.9,A224,T034
15,,,15,,$39,$581,10.5,A224,T034
,,1,1,,$145,$0,,A224,T034
,,37,37,,$6,$0,,A224,T034
,,3,3,,$45,$0,,A224,T034
,,5,5,,$175,$0,,A224,T034
,,29,29,,$45,$0,,A224,T034
,,8,8,,$75,$0,,A225,T034
,,23,23,,$75,$0,,A225,T034
,,2,2,,$75,$0,,A226,T008
3,,5,8,,$90,$269,8.3,A226,T008
11,,8,19,,$98,"$1,078",6.7,A226,T008
26,,8,34,,$240,"$6,240",4.6,A225,T034
,,22,22,,$216,$0,,A225,T034
8,6,,14,61,$312,"$2,496",0.4,A225,T034
19,2,,21,5,$433,"$8,219",7.5,A225,T034
,,5,5,,$74,$0,,A225,T034
,,1,1,,$74,$0,,A227,T005
17,,6,23,38,$74,"$1,258",1.8,A226,T008
,,80,80,,$316,$0,,A225,T034
9,,11,20,,$316,"$2,842",14.4,A227,T005
,,4,4,,$73,$0,,A225,T034
54,,31,85,,$295,"$15,906",10.6,A225,T034
,,,,30,$265,$0,,A225,T034
,,2,2,,$20,$0,,A226,T008
,,8,8,,$145,$0,,A225,T034
,,5,5,,$240,$0,,A228,T009
26,,7,33,,$74,"$1,923",5.7,A228,T009
,,7,7,,$187,$0,,A228,T009
94,,8,102,,$41,"$3,854",11,A229,T044
36,,,36,,$46,"$1,656",9.7,A229,T044
,,,,100,$39,$0,,A229,T044
,,62,62,,$11,$0,,A229,T044
79,4,,83,25,$39,"$3,057",1.3,A229,T044
,,,,100,$47,$0,,A229,T044
166,,33,199,,$32,"$5,287",14.5,A230,T041
,,9,9,,$75,$0,,A231,T034
8,,3,11,,$90,$717,11.9,A231,T034
12,,7,19,,$98,"$1,176",3,A231,T034
8,2,5,15,3,$240,"$1,920",4.2,A231,T034
17,,6,23,,$216,"$3,664",13.4,A231,T034
9,,43,52,,$74,$666,17.3,A231,T034
10,,3,13,,$74,$740,16.2,A232,T005
,,28,28,,$316,$0,,A231,T034
,,3,3,,$187,$0,,A231,T034
,,2,2,,$45,$0,,A231,T034
718,38,195,952,284,$74,"$53,118",11.7,A233,T005
,,1,1,,$90,$0,,A234,T001
,,1,1,,$98,$0,,A234,T001
28,,37,65,42,$74,"$2,071",6.8,A234,T001
18,,1,19,,$31,$563,5.3,A234,T001
29,,4,33,,$90,"$2,598",10.5,A235,T001
49,1,,50,60,$98,"$4,802",3.1,A235,T001
16,3,4,23,14,$115,"$1,838",2.1,A235,T001
,,18,18,,$45,$0,,A235,T001
,,37,37,,$45,$0,,A235,T001
65,4,8,77,63,$98,"$6,370",3.7,A236,T002
,,3,3,,$98,$0,,A237,T002
6,,,,1,$240,"$1,440",,A238,T009
51,,37,88,40,$74,"$3,773",8.5,A237,T002
16,,4,20,,$74,"$1,184",13.6,A238,T009
,,4,4,,$73,$0,,A237,T002
,,7,7,,$75,$0,,A239,T008
21,,,21,,$90,"$1,882",17.5,A239,T008
19,,6,25,17,$98,"$1,862",12.8,A239,T008
3,,,3,24,$115,$345,15.7,A239,T008
16,,,16,20,$240,"$3,840",14.4,A239,T008
4,,,4,,$216,$862,21.9,A239,T008
8,,,8,,$22,$177,1.2,A240,T004
,,1,1,,$4,$0,,A239,T008
,,25,25,,$74,$0,,A239,T008
,,4,4,,$316,$0,,A239,T008
9,,,9,4,$46,$416,5.2,A240,T004
,,2,2,,$190,$0,,A239,T008
,,35,35,,$75,$0,,A241,T034
,,4,4,,$75,$0,,A241,T034
20,,,20,,$98,"$1,960",3,A242,T002
,,5,5,,$98,$0,,A241,T034
17,,10,27,,$240,"$4,080",7.5,A241,T034
,,10,10,,$216,$0,,A241,T034
2,1,,3,10,$312,$624,0.3,A241,T034
6,,,6,,$433,"$2,596",4.2,A241,T034
2,,2,4,,$22,$44,9.5,A243,T004
,,4,4,,$22,$0,,A241,T034
2,,12,14,,$74,$148,24,A241,T034
23,,16,39,11,$74,"$1,702",7.7,A243,T004
10,,16,26,,$316,"$3,158",17.8,A241,T034
32,,9,41,,$295,"$9,426",10.1,A241,T034
6,,,6,2,$265,"$1,591",2,A241,T034
,,11,11,,$14,$0,,A241,T034
8,,,8,,$31,$250,1.6,A243,T004
,,9,9,,$145,$0,,A241,T034
,,15,15,,$6,$0,,A241,T034
,,2,2,,$45,$0,,A241,T034
,,4,4,,$175,$0,,A241,T034
,,9,9,,$75,$0,,A244,T034
,,5,5,,$75,$0,,A244,T034
,,1,1,,$90,$0,,A244,T034
9,,5,14,,$98,$882,17.8,A244,T034
7,,1,8,,$115,$804,4,A244,T034
,,1,1,,$4,$0,,A244,T034
,,17,17,,$74,$0,,A244,T034
,,4,4,,$316,$0,,A244,T034
13,,20,33,,$73,$943,17.5,A244,T034
16,,5,21,,$187,"$2,990",21.3,A244,T034
,,5,5,,$145,$0,,A244,T034
,,1,1,,$6,$0,,A244,T034
,,1,1,,$90,$0,,A245,T001
5,,15,20,,$98,$490,14.7,A245,T001
,,30,30,,$98,$0,,A246,T002
,,2,2,,$98,$0,,A247,T002
21,,2,23,,$115,"$2,413",6.9,A246,T002
8,,4,12,,$115,$919,5,A247,T002
7,1,4,12,,$240,"$1,680",12.5,A246,T002
4,,,4,,$240,$960,16.6,A247,T002
2,3,21,26,3,$73,$145,15.7,A246,T002
,,1,1,,$73,$0,,A245,T001
3,,,3,,$187,$561,21.8,A246,T002
23,4,,27,,$98,"$2,254",3.7,A248,T002
3,,,3,,$98,$294,2.5,A249,T002
1,3,,4,4,$240,$240,8.8,A248,T002
,,26,26,,$8,$0,,A248,T002
19,,6,25,,$20,$372,8.7,A248,T002
48,,10,58,20,$46,"$2,218",5.6,A248,T002
10,,,10,,$46,$462,6.1,A249,T002
,,12,12,,$22,$0,,A250,T004
,,11,11,,$7,$0,,A250,T004
,,1,1,,$32,$0,,A251,T041
46,,1,47,,$41,"$1,886",11.4,A252,T044
7,,,7,,$46,$322,8.5,A252,T044
,,1,1,,$11,$0,,A250,T004
55,,43,98,,$20,"$1,078",15.2,A250,T004
62,,,62,,$39,"$2,399",6.4,A251,T041
,,,,20,$47,$0,,A250,T004
,,5,5,,$98,$0,,A253,T002
,,2,2,,$115,$0,,A253,T002
33,,13,46,,$74,"$2,441",5.8,A253,T002
5,,5,10,,$74,$370,7.9,A254,T005
20,,,20,1,$74,"$1,480",7.3,A255,T005
30,,53,83,,$74,"$2,219",8.2,A256,T005
6,,2,8,,$74,$444,7.2,A257,T005
14,,17,31,,$73,"$1,015",16.4,A253,T002
,,4,4,,$73,$0,,A257,T005
3,,10,13,,$187,$561,18.2,A253,T002
1,,,1,,$187,$187,16.9,A254,T005
1,,,1,,$187,$187,16.9,A255,T005
1,,2,3,,$187,$187,18.6,A256,T005
1,,1,2,,$187,$187,17.8,A257,T005
10,1,,11,3,$265,"$2,651",2.5,A253,T002
3,,,3,,$265,$795,2.1,A254,T005
1,,,1,,$265,$265,3.1,A255,T005
3,,,3,1,$46,$139,3.1,A255,T005
,,7,7,,$75,$0,,A258,T034
,,2,2,,$75,$0,,A258,T034
4,,,4,,$90,$358,15.5,A258,T034
17,,3,20,4,$98,"$1,666",15.7,A258,T034
2,,,2,,$240,$480,1.7,A258,T034
3,,1,4,,$22,$66,14.2,A259,T004
,,1,1,,$4,$0,,A258,T034
7,,25,32,,$74,$518,16.9,A258,T034
,,1,1,,$316,$0,,A258,T034
1,,,1,,$46,$46,10.2,A259,T004
,,2,2,,$145,$0,,A258,T034
,,2,2,,$6,$0,,A258,T034
,,1,1,,$45,$0,,A258,T034
,,2,2,,$75,$0,,A260,T034
,,19,19,,$75,$0,,A260,T034
14,,,14,,$90,"$1,254",8.7,A260,T034
29,,17,46,,$98,"$2,842",9.7,A260,T034
,,10,10,,$98,$0,,A261,T002
66,2,7,75,94,$115,"$7,583",4.6,A260,T034
58,8,6,72,8,$240,"$13,920",5.3,A260,T034
4,,5,9,,$216,$862,18.6,A260,T034
,,2,2,,$22,$0,,A261,T002
92,,50,142,75,$74,"$6,806",6.4,A260,T034
34,,36,70,,$74,"$2,515",13,A261,T002
32,1,6,39,2,$295,"$9,426",3.2,A260,T034
,,14,14,,$14,$0,,A260,T034
,,6,6,,$46,$0,,A261,T002
,,4,4,,$145,$0,,A260,T034
,,11,11,,$45,$0,,A260,T034
,,3,3,,$45,$0,,A260,T034
,,2,2,,$45,$0,,A260,T034
59,20,,80,3,$90,"$5,286",16.5,A262,T001
97,,1,98,,$98,"$9,506",18.6,A262,T001
,,,35,,$312,$0,,A262,T001
,,3,3,,$4,$0,,A262,T001
321,2,295,620,103,$74,"$23,748",10.1,A262,T001
21,,67,88,,$316,"$6,632",21.2,A262,T001
77,,83,160,,$73,"$5,583",18.9,A262,T001
51,,31,82,,$187,"$9,532",19.5,A262,T001
74,14,8,96,14,$295,"$21,797",17.5,A262,T001
30,2,,32,29,$265,"$7,953",2.2,A262,T001
,,,,24,$39,$0,,A262,T001
,,59,59,,$145,$0,,A262,T001
,,117,117,,$6,$0,,A262,T001
52,,1,53,,$75,"$3,900",13.9,A263,T034
13,,27,40,14,$316,"$4,105",15,A263,T034
75,,,75,,$73,"$5,438",23.3,A263,T034
59,,,59,,$187,"$11,027",12.8,A263,T034
,,53,53,,$6,$0,,A263,T034
37,,1,38,,$175,"$6,475",23.2,A263,T034
,,12,12,,$115,$0,,A264,T003
11,,,,,$2,$17,,A265,T096
5,,,,,$3,$15,,A266,T097
3,,,,,$2,$5,,A266,T097
6,,,,,$19,$111,,A265,T096
15,,15,30,,$22,$332,5.3,A264,T003
47,,8,55,,$74,"$3,477",18.1,A264,T003
,,9,9,,$73,$0,,A264,T003
3,,6,9,,$187,$561,15.5,A264,T003
,,15,15,,$32,$0,,A264,T003
9,,,,,,$0,,A266,T097
6,,,,,,$0,,A266,T097
,,1,1,,$16,$0,,A264,T003
,,2,2,,$16,$0,,A264,T003
,,2,2,,$75,$0,,A267,T034
,,2,2,,$75,$0,,A267,T034
1,1,,2,1,$98,$98,0.1,A268,T002
13,1,4,18,10,$98,"$1,274",7,A269,T002
,,19,19,,$98,$0,,A267,T034
56,,5,61,12,$115,"$6,434",5.8,A267,T034
2,,4,6,,$115,$230,7.9,A268,T002
,,2,2,,$115,$0,,A269,T002
8,,5,13,,$240,"$1,920",9.6,A267,T034
5,2,,7,19,$312,"$1,560",1.1,A267,T034
3,,2,5,,$22,$66,7,A268,T002
4,,1,5,,$22,$88,11,A270,T004
,,24,24,,$22,$0,,A267,T034
,,5,5,,$74,$0,,A267,T034
,,5,5,,$74,$0,,A269,T002
,,17,17,,$187,$0,,A267,T034
4,,6,10,,$295,"$1,178",12.8,A267,T034
10,1,,11,9,$265,"$2,651",0.9,A267,T034
,,2,2,,$20,$0,,A267,T034
10,,,10,,$90,$896,9.2,A271,T001
53,,,53,30,$98,"$5,194",6.3,A271,T001
,,,,10,$115,$0,,A271,T001
,,6,6,,$98,$0,,A272,T002
,,1,1,,$115,$0,,A272,T002
10,,,10,,$240,"$2,400",5.1,A272,T002
8,,21,29,,$216,"$1,724",10.5,A272,T002
8,,22,30,,$316,"$2,526",17.1,A272,T002
,,1,1,,$187,$0,,A272,T002
13,4,,17,,$265,"$3,446",1.3,A272,T002
2,,,2,,$98,$196,18.8,A273,T002
14,,,14,,$98,"$1,372",7.2,A274,T002
6,,2,8,,$240,"$1,440",3.9,A275,T009
14,,,14,,$22,$309,4.4,A275,T009
,,14,14,,$22,$0,,A273,T002
75,,26,101,40,$74,"$5,549",6.7,A275,T009
1,,1,2,,$74,$74,5.1,A276,T005
3,1,,4,,$74,$222,12.5,A274,T002
5,,,5,,$295,"$1,473",7.4,A275,T009
,,4,4,,$39,$0,,A275,T009
13,,5,18,,$46,$601,7.6,A275,T009
,,8,8,,$18,$0,,A273,T002
14,,,14,,$20,$280,24.6,A273,T002
15,,9,24,,$90,"$1,344",9.7,A277,T001
44,3,1,48,42,$98,"$4,312",3.3,A277,T001
9,1,,10,,$115,"$1,034",0.6,A277,T001
114,1,40,155,,$74,"$8,434",8.3,A278,T005
,,1,1,,$73,$0,,A278,T005
4,,,4,,$187,$748,24.5,A278,T005
33,,,33,9,$31,"$1,033",2,A279,T007
63,,9,72,8,$98,"$6,174",5.1,A280,T002
11,4,,15,129,$115,"$1,264",0.6,A280,T002
